,title,artist,number,duration,t_eps,href,ds
0,i_dont_mind,james_brown,3,02:31,1.0,,billboard
1,youve_got_a_friend,roberta_flack_and_donny_hathaway,4,03:27,0.0,,billboard
2,the_rose,bette_midler,6,03:41,-1.0,,billboard
3,an_innocent_man,billy_joel,10,05:18,0.0,,billboard
4,lookin_for_love,johnny_lee,12,03:32,0.0,,billboard
5,last_child,aerosmith,15,03:26,1.0,,billboard
6,she_bop,cyndi_lauper,16,03:49,0.0,,billboard
7,kiss_on_my_list,hall__and__oates,18,03:51,0.0,,billboard
8,heres_some_love,tanya_tucker,19,02:58,-1.0,,billboard
9,never_my_love,the_5th_dimension,22,03:58,1.0,,billboard
10,and_she_was,talking_heads,23,03:39,0.0,,billboard
11,chicago,graham_nash,25,04:01,0.0,,billboard
12,rock_n_roll_fantasy,bad_company,27,03:20,1.0,,billboard
13,the_joker,steve_miller_band,29,03:39,2.0,,billboard
14,crazy_on_you,heart,33,04:52,0.0,,billboard
15,yvonne_elliman,if_i_cant_have_you,34,03:00,0.0,,billboard
16,jimi_hendrix,freedom,35,04:23,1.0,,billboard
17,foggy_mountain_breakdown,flatt__and__scruggs,37,02:42,1.0,,billboard
18,the_power,snap,40,03:41,1.0,,billboard
19,absolutely_right,five_man_electrical_band,41,02:22,0.0,,billboard
20,two_hearts,phil_collins,43,03:25,1.0,,billboard
21,some_like_it_hot,the_power_station,44,05:06,0.0,,billboard
22,ill_take_you_there,the_staple_singers,46,03:15,1.0,,billboard
23,people,barbara_streisand,49,03:41,1.0,,billboard
24,love_me_do,beatles,50,02:23,0.0,,billboard
25,carrie,cliff_richard,51,03:45,0.0,,billboard
26,over_the_hills_and_far_away,led_zeppelin,53,05:08,0.0,,billboard
27,last_kiss,j._frank_wilson__and__the_cavaliers,54,02:28,0.0,,billboard
28,smoking_gun,the_robert_cray_band,55,04:01,0.0,,billboard
29,is_that_all_there_is,peggy_lee,59,04:24,1.0,,billboard
30,i_put_a_spell_on_you,creedence_clearwater_revival,61,04:14,0.0,,billboard
31,hurts_to_be_in_love,gino_vanelli,62,03:43,1.0,,billboard
32,cry_softly_lonely_one,roy_orbison,64,02:53,0.0,,billboard
33,do_you_love_me,the_contours,66,02:54,1.0,,billboard
34,bongo_stomp,little_joey__and__the_flips,67,02:17,0.0,,billboard
35,black_cars,gino_vannelli,68,03:10,1.0,,billboard
36,hot_fun_in_the_summertime,sly__and__the_family_stone,70,02:38,0.0,,billboard
37,get_together,the_youngbloods,72,04:37,0.0,,billboard
38,crazy_on_you,heart,73,04:52,-1.0,,billboard
39,nowhere_to_run,martha_reeves__and__the_vandellas,74,02:59,1.0,,billboard
40,drivin_wheel,foghat,75,04:31,0.0,,billboard
41,dial_my_heart,the_boys,78,04:25,1.0,,billboard
42,cold_sweat_-_part_1,james_brown,79,02:52,0.0,,billboard
43,you_can_call_me_al,paul_simon,81,04:41,0.0,,billboard
44,red_red_wine,ub40,83,05:21,0.0,,billboard
45,i_just_cant_stop_loving_you,michael_jackson,85,04:14,0.0,,billboard
46,space_oddity,david_bowie,86,05:15,0.0,,billboard
47,buy_for_me_the_rain,nitty_gritty_dirt_band,88,02:23,0.0,,billboard
48,true,spandau_ballet,91,05:43,0.0,,billboard
49,shock_the_monkey,peter_gabriel,92,03:59,0.0,,billboard
50,wild_horses,rolling_stones,94,05:44,0.0,,billboard
51,drivin_wheel,foghat,95,04:31,0.0,,billboard
52,motown_philly,boyz_ii_men,97,03:54,-1.0,,billboard
53,a_trick_of_the_night,bananarama,99,04:09,0.0,,billboard
54,maggie_may,rod_stewart,100,05:50,0.0,,billboard
55,for_the_good_times,ray_price,102,03:50,1.0,,billboard
56,we_two,little_river_band,104,04:34,0.0,,billboard
57,the_spirit_of_radio,rush,105,04:58,1.0,,billboard
58,if,bread,106,02:36,1.0,,billboard
59,sweet_home_alabama,lynyrd_skynyrd,107,04:44,0.0,,billboard
60,ma_belle_amie,the_tee_set,109,03:17,0.0,,billboard
61,eight_miles_high,the_byrds,111,03:35,0.0,,billboard
62,letter_full_of_tears,gladys_knight__and__the_pips,112,02:46,-1.0,,billboard
63,sunshine_of_your_love,cream,114,04:13,0.0,,billboard
64,sweet_little_rock_n_roll,chuck_berry,115,02:22,0.0,,billboard
65,let_it_rain,eric_clapton,116,05:02,0.0,,billboard
66,stand_by_me,david_ruffin_jimmy_ruffin,119,03:49,0.0,,billboard
67,be_my_baby,the_ronettes,120,02:39,0.0,,billboard
68,have_you_ever_loved_somebody,freddie_jackson,122,04:37,0.0,,billboard
69,silent_night,bing_crosby,123,02:42,-1.0,,billboard
70,promises,eric_clapton,124,03:01,1.0,,billboard
71,willie_nelson,blue_eyes_cryin,126,02:21,0.0,,billboard
72,stop_the_wedding,etta_james,127,02:54,1.0,,billboard
73,brandy,looking_glass,128,03:08,0.0,,billboard
74,tumbling_dice,the_rolling_stones,130,03:48,0.0,,billboard
75,i_wouldnt_have_missed_it_for_the_world,ronnie_milsap,131,03:36,0.0,,billboard
76,detroit_city,bobby_bare,133,02:48,-1.0,,billboard
77,i_had_too_much_to_dream,electric_prunes,134,03:00,0.0,,billboard
78,the_way_you_do_the_things_you_do,ub40,139,03:03,0.0,,billboard
79,la_grange,zz_top,140,03:54,0.0,,billboard
80,shock_the_monkey,peter_gabriel,141,03:59,0.0,,billboard
81,runaround_sue,dion,145,02:43,0.0,,billboard
82,wheels,the_string-a-longs,147,02:04,-1.0,,billboard
83,spirits_in_the_material_world,the_police,148,02:59,0.0,,billboard
84,just_when_i_needed_you_most,randy_vanwarmer,149,04:04,1.0,,billboard
85,whats_love_got_to_do_with_it,tina_turner,150,03:49,0.0,,billboard
86,walk_right_back,the_everly_brothers,153,02:19,0.0,,billboard
87,lonely_eyes,robert_john,154,03:10,0.0,,billboard
88,forever_man,eric_clapton,155,03:12,0.0,,billboard
89,sleep_walk,santo__and__johnny,157,02:23,0.0,,billboard
90,something_about_you,level_42,158,03:47,1.0,,billboard
91,little_sister,elvis_presley,159,02:32,1.0,,billboard
92,if_you_need_me,solomon_burke,160,02:33,0.0,,billboard
93,sweet_nothins,brenda_lee,162,02:26,1.0,,billboard
94,the_animals,san_franciscan_nights,168,03:21,1.0,,billboard
95,don_gibson,sea_of_heartbreak,169,02:34,0.0,,billboard
96,golden_earring,twilight_zone,170,04:40,0.0,,billboard
97,if_you_need_me,solomon_burke,172,02:33,0.0,,billboard
98,chicago,25_or_6_to_4,176,04:50,1.0,,billboard
99,gordon_lightfoot,beautiful,180,03:23,0.0,,billboard
100,naked_eyes,always_something_there_to_remind_me,181,03:41,0.0,,billboard
101,annies_song,john_denver,182,03:02,0.0,,billboard
102,chiquitita,abba,183,05:25,0.0,,billboard
103,always_on_my_mind,pet_shop_boys,184,03:55,0.0,,billboard
104,just_a_dream,jimmy_clanton,185,02:32,0.0,,billboard
105,i_want_you_to_want_me,cheap_trick,188,03:44,0.0,,billboard
106,never_can_say_goodbye,gloria_gaynor,190,02:58,0.0,,billboard
107,people_got_to_be_free,the_rascals,191,03:02,1.0,,billboard
108,unforgettable,dinah_washington,192,02:44,1.0,,billboard
109,shadow_dancing,andy_gibb,193,04:34,0.0,,billboard
110,willie_and_the_hand_jive,eric_clapton,194,11:42,0.0,,billboard
111,love_me_warm_and_tender,paul_anka,196,02:22,0.0,,billboard
112,along_comes_a_woman,chicago,198,03:49,0.0,,billboard
113,love_train,the_ojays,202,03:00,0.0,,billboard
114,wonderful_world_beautiful_people,jimmy_cliff,203,03:11,-1.0,,billboard
115,i_want_to_take_you_higher,ike__and__tina_turner,204,02:53,-1.0,,billboard
116,pressure,billy_joel,205,04:41,-1.0,,billboard
117,maybe_im_amazed,paul_mccartney,206,03:53,0.0,,billboard
118,back_in_the_high_life_again,steve_winwood,207,04:23,-1.0,,billboard
119,another_rainy_day_in_new_york_city,chicago,208,03:02,0.0,,billboard
120,already_gone,the_eagles,209,04:16,1.0,,billboard
121,shes_a_lady,tom_jones,210,02:30,-2.0,,billboard
122,its_gonna_work_out_fine,ike__and__tina_turner,212,03:04,0.0,,billboard
123,comin_home_baby,mel_torme,213,02:44,0.0,,billboard
124,the_right_time,ray_charles,214,03:25,1.0,,billboard
125,magic_man,heart,215,05:29,0.0,,billboard
126,do_your_thing,isaac_hayes,216,03:20,0.0,,billboard
127,jessies_girl,rick_springfield,217,03:17,1.0,,billboard
128,fernando,abba,218,04:16,0.0,,billboard
129,ramblin_rose,nat_king_cole,220,02:49,0.0,,billboard
130,feel_like_making_love,roberta_flack,221,02:57,-1.0,,billboard
131,for_ol_times_sake,elvis_presley,222,03:38,-1.0,,billboard
132,wanna_be_startin_somethin,michael_jackson,223,06:02,-1.0,,billboard
133,galveston,glen_campbell,224,02:42,0.0,,billboard
134,promises_in_the_dark,pat_benatar,227,04:48,-1.0,,billboard
135,still_cruisin,the_beach_boys,228,03:36,1.0,,billboard
136,honky_tonk_women,the_rolling_stones,229,03:02,0.0,,billboard
137,knowing_me_knowing_you,abba,231,04:04,0.0,,billboard
138,life_is_a_carnival,the_band,234,03:55,-2.0,,billboard
139,back_home_again,john_denver,235,04:46,0.0,,billboard
140,tonight_tonight_tonight,genesis,236,08:54,0.0,,billboard
141,you_decorated_my_life,kenny_rogers,238,03:40,0.0,,billboard
142,sail_on_sailor,the_beach_boys,239,03:19,0.0,,billboard
143,just_the_way_you_are,billy_joel,240,04:51,0.0,,billboard
144,white_christmas,bing_crosby,241,03:02,0.0,,billboard
145,because_i_love_you,stevie_b,242,04:22,0.0,,billboard
146,have_you_seen_your_mother_baby_standing_in_the_shadow?,the_rolling_stones,244,02:34,0.0,,billboard
147,rhinestone_cowboy,glen_campbell,246,03:15,0.0,,billboard
148,last_kiss,j._frank_wilson__and__the_cavaliers,247,02:28,0.0,,billboard
149,id_love_to_change_the_world,ten_years_after,248,03:45,0.0,,billboard
150,old_time_rock__and__roll,bob_seger,249,03:15,0.0,,billboard
151,handy_man,jimmy_jones,250,02:02,0.0,,billboard
152,theme_from_electric_surfboard,brother_jack_mcduff,251,03:34,0.0,,billboard
153,love_came_to_me,dion,253,02:46,0.0,,billboard
154,sanctify_yourself,simple_minds,254,04:59,0.0,,billboard
155,smokin_in_the_boys_room,brownsville_station,256,02:59,0.0,,billboard
156,shape_of_things_to_come,max_frost__and__the_troopers,257,01:54,0.0,,billboard
157,don_t_treat_me_bad,firehouse,258,05:23,0.0,,billboard
158,born_to_be_alive,patrick_hernandez,259,03:35,-2.0,,billboard
159,shes_a_lady,tom_jones,260,02:30,-2.0,,billboard
160,in-a-gadda-da-vida,iron_butterfly,261,02:54,0.0,,billboard
161,last_kiss,wednesday,263,02:36,1.0,,billboard
162,dandelion,rolling_stones,264,03:48,0.0,,billboard
163,last_night_i_didnt_get_to_sleep_at_all,the_5th_dimension,265,03:12,0.0,,billboard
164,worried_guy,johnny_tillotson,267,02:30,0.0,,billboard
165,time_for_me_to_fly,reo_speedwagon,268,03:33,0.0,,billboard
166,money,pink_floyd,269,06:46,0.0,,billboard
167,in_my_room,the_beach_boys,270,02:15,1.0,,billboard
168,addicted_to_love,robert_palmer,271,04:25,0.0,,billboard
169,promises_in_the_dark,pat_benatar,275,04:48,0.0,,billboard
170,patches,clarence_carter,276,03:13,0.0,,billboard
171,waiting_on_a_friend,rolling_stones,278,04:34,0.0,,billboard
172,born_to_be_alive,patrick_hernandez,279,03:35,-2.0,,billboard
173,it_takes_two,marvin_gaye__and__kim_weston,280,03:00,1.0,,billboard
174,theres_the_girl,heart,281,03:55,0.0,,billboard
175,gotta_serve_somebody,bob_dylan,282,05:26,1.0,,billboard
176,these_boots_are_made_for_walkin,nancy_sinatra,284,02:34,0.0,,billboard
177,as_usual,brenda_lee,288,02:38,1.0,,billboard
178,guitar_man,elvis_presley,289,02:57,0.0,,billboard
179,chicago,25_or_6_to_4,292,04:50,1.0,,billboard
180,every_little_thing_she_does_is_magic,the_police,293,04:21,0.0,,billboard
181,mr._bojangles,jerry_jeff_walker,294,03:54,0.0,,billboard
182,just_the_way_you_are,billy_joel,295,04:51,0.0,,billboard
183,lyin_eyes,eagles,296,06:21,0.0,,billboard
184,thats_the_way_i_feel_about_cha,bobby_womack,297,03:36,1.0,,billboard
185,here_i_go_again,whitesnake,300,04:38,0.0,,billboard
186,do_you_want_to_know_a_secret,the_beatles,302,01:59,0.0,,billboard
187,break_it_to_me_gently,juice_newton,303,04:03,0.0,,billboard
188,the_humpty_dance,digital_underground,304,06:28,0.0,,billboard
189,in_the_navy,village_people,306,03:46,0.0,,billboard
190,cruisin,smokey_robinson,307,04:30,1.0,,billboard
191,you_cant_roller_skate_in_a_buffalo_herd,roger_miller,308,01:52,0.0,,billboard
192,all_through_the_night,cyndi_lauper,309,04:30,0.0,,billboard
193,the_other_guy,little_river_band,310,02:49,-1.0,,billboard
194,daydream_believer,anne_murray,312,02:27,-1.0,,billboard
195,i_got_you_i_feel_good,james_brown,314,02:49,1.0,,billboard
196,come_and_get_your_love,redbone,315,03:34,1.0,,billboard
197,dream_police,cheap_trick,317,03:51,0.0,,billboard
198,wheels,the_string-a-longs,318,02:04,0.0,http://vkmusic.me/the-string-a-longs-wheels/,billboard
199,i_want_you,marvin_gaye,319,03:59,0.0,,billboard
200,bird_dog,the_everly_brothers,322,02:17,0.0,,billboard
201,dream_police,cheap_trick,323,03:51,0.0,,billboard
202,when_will_i_be_loved,linda_ronstadt,324,02:05,1.0,,billboard
203,let_me_get_to_know_you,paul_anka,325,03:21,0.0,,billboard
204,my_boy,elvis_presley,326,03:21,-1.0,,billboard
205,smoking_gun,the_robert_cray_band,329,04:01,1.0,,billboard
206,jungle_boogie,kool_and_the_gang,331,03:06,0.0,,billboard
207,waiting_on_a_friend,rolling_stones,332,04:34,0.0,,billboard
208,somebody_s_watching_me,rockwell,334,04:02,1.0,,billboard
209,do_you_love_me,the_contours,335,02:54,0.0,,billboard
210,your_love_has_lifted_me_higher,rita_coolidge,336,04:03,1.0,,billboard
211,through_the_years,kenny_rogers,338,04:46,1.0,,billboard
212,deeper_shade_of_soul,urban_dance_squad,339,04:34,-2.0,,billboard
213,easy,the_commodores,341,04:24,0.0,,billboard
214,if_i_were_your_woman,gladys_night__and__the_pips,343,03:14,-1.0,,billboard
215,doo_doo_doo_doo_doo,the_rolling_stones,345,03:28,0.0,,billboard
216,living_it_down,freddy_fender,346,02:36,0.0,,billboard
217,sunflower,glen_campbell,347,02:52,0.0,,billboard
218,the_best,tina_turner,348,05:29,-1.0,,billboard
219,don_t_treat_me_bad,firehouse,349,05:23,0.0,,billboard
220,roll_on_down_the_highway,bachman-turner_overdrive,351,04:00,2.0,,billboard
221,good_vibrations,marky_mark__and__the_funky_bunch,352,04:30,1.0,,billboard
222,i_cant_drive_55,sammy_hagar,353,04:10,0.0,,billboard
223,philadelphia_freedom,elton_john,354,05:23,-1.0,,billboard
224,i_rise_i_fall,johnny_tillotson,355,02:18,0.0,,billboard
225,dum_dum,brenda_lee,356,02:28,0.0,,billboard
226,just_like_heaven,the_cure,359,03:32,0.0,,billboard
227,i_want_to_take_you_higher,ike__and__tina_turner,360,02:53,0.0,,billboard
228,this_song,george_harrison,361,04:14,0.0,,billboard
229,last_kiss,wednesday,362,02:36,1.0,,billboard
230,evil_ways,santana,364,03:58,0.0,,billboard
231,feelin_stronger_every_day,chicago,366,04:14,0.0,,billboard
232,undercover_angel,alan_oday,367,03:33,0.0,,billboard
233,kind_of_a_drag,the_buckinghams,369,02:10,0.0,,billboard
234,kisses_on_the_wind,neneh_cherry,370,03:57,0.0,,billboard
235,losing_you,brenda_lee,371,02:35,1.0,,billboard
236,i_cant_stand_the_rain,ann_peebles,377,02:34,1.0,,billboard
237,the_humpty_dance,digital_underground,378,06:28,0.0,,billboard
238,best_thing_that_ever_happened_to_me,gladys_knight__and__the_pips,380,03:47,1.0,,billboard
239,hocus_pocus,focus,381,03:27,1.0,,billboard
240,where_the_streets_have_no_names,pet_shop_boys,382,04:33,0.0,,billboard
241,sunshine_superman,donovan,383,04:40,-1.0,,billboard
242,if_you_love_somebody_set_them_free,sting,384,04:16,0.0,,billboard
243,hold_on,wilson_phillips,385,03:41,1.0,,billboard
244,i_really_dont_want_to_know,elvis_presley,386,02:46,0.0,,billboard
245,time_is_on_my_side,rolling_stones,387,02:59,0.0,,billboard
246,tenderness,general_public,389,03:37,-1.0,,billboard
247,young_hearts_run_free,candi_staton,390,03:42,1.0,,billboard
248,its_your_thing,the_isley_brothers,391,03:38,-1.0,,billboard
249,misunderstanding,genesis,393,03:15,0.0,,billboard
250,here_come_those_tears_again,jackson_browne,395,03:37,0.0,,billboard
251,fever,peggy_lee,396,03:23,-1.0,,billboard
252,kozmic_blues,janis_joplin,397,04:24,0.0,,billboard
253,one_night,elvis_presley,399,02:31,-1.0,,billboard
254,woman_to_woman,shirley_brown,400,03:55,0.0,,billboard
255,last_kiss,j._frank_wilson__and__the_cavaliers,402,02:28,0.0,,billboard
256,i_never_loved_a_man,aretha_franklin,403,02:44,1.0,,billboard
257,hes_a_rebel,the_crystals,404,02:37,2.0,https://mp3co.ooo/s/the%20crystals%20hes%20a%20rebel/,billboard
258,amie,pure_prairie_league,406,04:21,0.0,,billboard
259,wild_horses,gino_vannelli,407,04:40,0.0,,billboard
260,jimmys_girl,johnny_tillotson,410,02:45,1.0,,billboard
261,sunday_morning_sunshine,harry_chapin,412,03:48,2.0,http://vkmusic.me/harry-chapin-sunday-morning-sunshine/,billboard
262,someone,the_rembrandts,414,03:51,0.0,,billboard
263,golden_years,david_bowie,415,03:29,1.0,,billboard
264,youre_so_square_baby_i_dont_care,joni_mitchell,417,02:38,0.0,,billboard
265,chain_of_fools,aretha_franklin,418,02:48,1.0,,billboard
266,blow_away,george_harrison,419,04:01,0.0,,billboard
267,pinball_wizard,the_who,421,03:01,0.0,,billboard
268,see_see_rider,lavern_baker,425,02:29,1.0,,billboard
269,i_m_goin_down,bruce_springsteen,426,03:32,0.0,,billboard
270,bluebirds_over_the_mountain,the_beach_boys,427,02:51,-1.0,,billboard
271,put_your_hand_in_the_hand,ocean,429,02:56,-1.0,,billboard
272,i_want_a_new_drug,huey_lewis__and__the_news,430,04:46,1.0,,billboard
273,one_bad_apple,the_osmonds,432,02:46,-1.0,,billboard
274,if_i_could_reach_you,the_5th_dimension,433,03:09,1.0,,billboard
275,where_or_when,dion,434,02:40,1.0,,billboard
276,ruby_baby,dion,439,02:37,1.0,,billboard
277,world_in_my_eyes,depeche_mode,442,04:00,-1.0,,billboard
278,better_things,the_kinks,443,03:06,-1.0,,billboard
279,i_really_dont_want_to_know,elvis_presley,444,02:46,0.0,,billboard
280,old_days,chicago,445,03:31,0.0,,billboard
281,back_home_again,john_denver,446,04:46,0.0,,billboard
282,jump_for_my_love,the_pointer_sisters,448,04:02,0.0,,billboard
283,jessies_girl,rick_springfield,450,03:17,1.0,,billboard
284,got_it_made,crosby_stills_and_nash,451,04:34,0.0,,billboard
285,dont_say_you_love_me,billy_squier,452,04:33,1.0,,billboard
286,feel_like_making_love,roberta_flack,454,02:57,-1.0,,billboard
287,with_a_little_luck,paul_mccartney,456,05:46,0.0,,billboard
288,not_fade_away,rolling_stones,457,03:06,0.0,,billboard
289,addicted_to_love,robert_palmer,458,04:25,0.0,,billboard
290,on_broadway,the_drifters,461,03:00,0.0,,billboard
291,seasons_of_the_heart,john_denver,463,03:51,0.0,,billboard
292,flesh_for_fantasy,billy_idol,464,04:38,1.0,,billboard
293,give_to_live,sammy_hagar,465,05:39,0.0,,billboard
294,little_bit_o_soul,the_music_explosion,467,02:23,0.0,,billboard
295,aint_too_proud_to_beg,the_temptations,468,02:34,0.0,,billboard
296,in_your_soul,corey_hart,469,03:55,0.0,,billboard
297,as_usual,brenda_lee,471,02:38,0.0,,billboard
298,sweet_music_man,kenny_rogers,472,04:20,0.0,,billboard
299,come_together,the_beatles,473,04:20,0.0,,billboard
300,silver_threads_and_golden_needles,the_cowsills,474,03:01,0.0,,billboard
301,daydream_believer,anne_murray,475,02:27,0.0,,billboard
302,i_adore_mi_amor,color_me_badd,476,04:51,-1.0,,billboard
303,carrie-anne,the_hollies,477,02:55,0.0,,billboard
304,one_last_kiss,j._geils_band,478,04:24,1.0,,billboard
305,wendy,the_beach_boys,479,02:19,0.0,,billboard
306,give_it_to_me_baby,rick_james,480,03:54,1.0,,billboard
307,baby_baby_dont_cry,the_miracles,481,03:59,0.0,,billboard
308,im_in_love,"evelyn_""champagne""_king",482,05:04,-2.0,,billboard
309,heart_in_hand,brenda_lee,484,02:31,1.0,,billboard
310,rich_girl,hall_and_oates,485,02:27,0.0,,billboard
311,my_thang,james_brown,490,04:39,0.0,,billboard
312,dont_stand_so_close_to_me,police,492,04:03,0.0,,billboard
313,i_dont_need_you,kenny_rogers,494,03:29,0.0,,billboard
314,city_in_the_sky,the_staple_singers,497,03:44,0.0,,billboard
315,the_battle_of_new_orleans,johnny_horton,500,02:33,1.0,,billboard
316,last_dance,donna_summer,501,03:20,1.0,,billboard
317,ive_been_loving_you_too_long_to_stop_now,otis_redding,502,03:16,1.0,,billboard
318,good_vibrations,marky_mark__and__the_funky_bunch,503,04:30,0.0,,billboard
319,the_joker,steve_miller_band,504,03:39,0.0,,billboard
320,after_the_lovin,engelbert_humperdinck,506,03:56,0.0,,billboard
321,still,commodores,507,03:48,1.0,,billboard
322,for_ol_times_sake,elvis_presley,508,03:38,0.0,,billboard
323,how_blue_can_you_get,b.b._king,510,02:43,0.0,,billboard
324,oh_my_angel,bertha_tillman,511,02:22,0.0,,billboard
325,going_to_a_go-go,the_rolling_stones,512,03:23,0.0,,billboard
326,fool_that_i_am,etta_james,515,02:58,0.0,,billboard
327,those_lazy-hazy-crazy_days_of_summer,nat_king_cole,516,02:25,0.0,,billboard
328,years_ago,george_harrison,517,03:47,1.0,,billboard
329,suite,crosby_stills__and__nash,518,07:29,0.0,,billboard
330,the_humpty_dance,digital_underground,521,06:28,0.0,,billboard
331,young_hearts_run_free,candi_staton,522,03:42,-2.0,,billboard
332,private_dancer,tina_turner,524,07:14,0.0,,billboard
333,trampled_under_foot,led_zeppelin,525,05:35,0.0,,billboard
334,love_comes_quickly,pet_shop_boys,526,04:19,0.0,,billboard
335,crystal_blue_persuasion,tommy_james,528,04:05,0.0,,billboard
336,this_house,tracie_spencer,530,05:07,0.0,,billboard
337,running_up_that_hill,kate_bush,531,05:01,1.0,,billboard
338,baby_youre_right,james_brown,533,02:59,0.0,,billboard
339,stop_this_game,cheap_trick,539,03:58,0.0,,billboard
340,with_you_im_born_again,billy_preston,540,03:42,0.0,,billboard
341,wake_me_up_before_you_go-go,wham!,542,03:54,0.0,,billboard
342,if_i_can_dream,elvis_presley,543,03:12,1.0,,billboard
343,redneck_friend,jackson_browne,545,04:01,0.0,,billboard
344,disco_inferno,the_trammps,546,03:37,-1.0,,billboard
345,double_shot_of_my_babys_love,swingin_medallions,549,02:18,0.0,,billboard
346,shake_your_groove_thing,peaches_and_herb,550,05:33,-1.0,,billboard
347,born_to_be_alive,patrick_hernandez,552,03:35,-2.0,,billboard
348,maniac,michael_sembello,553,04:13,0.0,,billboard
349,surrender,cheap_trick,555,04:16,0.0,,billboard
350,baby_im_burnin,dolly_parton,559,02:38,1.0,,billboard
351,cecilia,simon__and__garfunkel,560,02:57,0.0,,billboard
352,boulevard,jackson_browne,561,03:21,0.0,,billboard
353,fool_that_i_am,etta_james,562,02:58,0.0,,billboard
354,judy,elvis_presley,565,02:12,0.0,,billboard
355,the_look,roxette,567,03:58,1.0,,billboard
356,dance_away,roxy,568,03:47,1.0,,billboard
357,six_days_on_the_road,dave_dudley,570,02:24,0.0,,billboard
358,quarter_to_three,gary_u.s._bonds,571,02:31,0.0,,billboard
359,oh_me_oh_my_dreams_in_my_arms,al_green,573,02:47,1.0,,billboard
360,along_comes_a_woman,chicago,574,03:49,0.0,,billboard
361,lets_work_together,canned_heat,577,02:50,0.0,,billboard
362,giving_you_the_best_that_i_got,anita_baker,578,04:21,0.0,,billboard
363,heart_full_of_soul,the_yardbirds,579,02:29,0.0,,billboard
364,i_found_a_love,the_falcons,580,02:59,0.0,,billboard
365,i_dont_blame_you_at_all,the_miracles,582,03:12,-1.0,,billboard
366,amor,ben_e._king,583,03:05,0.0,,billboard
367,too_weak_to_fight,clarence_carter,585,02:18,0.0,,billboard
368,unchained_melody,the_righteous_brothers,587,03:38,0.0,,billboard
369,we_are_the_champions,queen,588,03:03,1.0,,billboard
370,southern_cross,crosby_stills__and__nash,589,04:41,0.0,,billboard
371,talk_to_me,chico_debarge,590,03:53,0.0,,billboard
372,the_long_run,eagles,591,03:42,0.0,,billboard
373,all_she_wants_is,duran_duran,592,04:27,0.0,,billboard
374,situation,yaz,594,05:47,0.0,,billboard
375,letter_full_of_tears,gladys_knight__and__the_pips,596,02:46,-1.0,,billboard
376,time_is_on_my_side,rolling_stones,597,02:59,0.0,,billboard
377,wish_someone_would_care,irma_thomas,598,02:14,0.0,,billboard
378,hey_stoopid,alice_cooper,599,04:35,1.0,,billboard
379,i_can_help,billy_swan,601,02:58,0.0,,billboard
380,sleep_walk,santo__and__johnny,603,02:23,0.0,,billboard
381,the_thrill_is_gone,b.b._king,605,04:04,1.0,,billboard
382,everlasting_love,carl_carlton,607,02:35,-1.0,,billboard
383,harden_my_heart,quarterflash,608,03:38,0.0,,billboard
384,rocket_ride,kiss,610,04:07,0.0,,billboard
385,i_want_to_take_you_higher,sly_and_the_family_stone,614,05:24,1.0,,billboard
386,hot_child_in_the_city,nick_gilder,615,03:09,1.0,,billboard
387,simon__and__garfunkel,mrs._robinson,616,04:05,1.0,,billboard
388,his_latest_flame,elvis_presley,617,02:09,1.0,,billboard
389,everybody_loves_somebody,dean_martin,618,02:42,1.0,,billboard
390,ghostbusters_theme,ray_parker_jr,621,04:07,2.0,http://vkmusic.me/ray-parker-jr-ghostbusters-theme/,billboard
391,its_only_make_believe,glen_campbell,623,02:27,1.0,,billboard
392,higher_ground,stevie_wonder,625,03:48,0.0,,billboard
393,nick_of_time,bonnie_raitt,627,03:53,0.0,,billboard
394,hold_on,wilson_phillips,628,03:41,0.0,,billboard
395,beat_it,michael_jackson,629,04:18,1.0,,billboard
396,if_you_really_love_me,stevie_wonder,631,03:00,1.0,,billboard
397,maneater,daryl_hall__and__john_oates,633,04:34,-1.0,,billboard
398,brass_monkey,beastie_boys,634,02:39,1.0,,billboard
399,little_old_lady_from_pasadena,jan__and__dean,635,02:47,0.0,,billboard
400,after_the_lovin,engelbert_humperdinck,636,03:56,0.0,,billboard
401,human_nature,michael_jackson,637,04:06,0.0,,billboard
402,out_of_my_mind,johnny_tillotson,638,02:37,0.0,,billboard
403,think,james_brown,640,02:46,0.0,,billboard
404,the_people_in_me,the_music_machine,643,02:52,0.0,,billboard
405,sittin_on_the_dock_of_the_bay,otis_redding,645,02:45,0.0,,billboard
406,caught_up_in_the_rapture,anita_baker,647,05:18,0.0,,billboard
407,what_have_i_done_to_deserve_this?,pet_shop_boys,648,04:20,0.0,,billboard
408,stoned_love,the_supremes,649,03:02,0.0,,billboard
409,hello_dolly,louis_armstrong,650,02:28,1.0,,billboard
410,its_raining_men,the_weather_girls,651,03:29,0.0,,billboard
411,tainted_love,soft_cell,654,02:41,0.0,,billboard
412,sunrise,eric_carmen,655,05:21,-1.0,,billboard
413,in_your_soul,corey_hart,657,03:55,0.0,,billboard
414,ask_me,elvis_presley,658,02:08,1.0,,billboard
415,harden_my_heart,quarterflash,659,03:38,0.0,,billboard
416,theres_the_girl,heart,660,03:55,0.0,,billboard
417,looking_for_a_love,the_j._geils_band,662,03:48,1.0,,billboard
418,hes_so_shy,pointer_sisters,663,03:40,0.0,,billboard
419,looking_for_a_love,the_j._geils_band,664,03:48,1.0,,billboard
420,big_yellow_taxi,joni_mitchell,668,02:48,0.0,,billboard
421,you_cant_roller_skate_in_a_buffalo_herd,roger_miller,669,01:52,0.0,,billboard
422,silent_lucidity,queensryche,670,05:48,0.0,,billboard
423,heavens_just_a_sin_away,the_kendalls,671,02:25,0.0,,billboard
424,sugar_shack,the_fireballs,674,02:04,0.0,,billboard
425,with_a_little_help_from_my_friends,joe_cocker,675,03:13,-2.0,,billboard
426,dont_knock_my_love_-_pt._1,wilson_pickett,677,02:25,0.0,,billboard
427,chained_and_bound,otis_redding,678,02:41,0.0,,billboard
428,years_ago,george_harrison,680,03:47,0.0,,billboard
429,with_or_without_you,u2,681,04:56,-1.0,,billboard
430,brandy,looking_glass,682,03:08,0.0,,billboard
431,that_girl,stevie_wonder,683,05:14,1.0,,billboard
432,feelin_stronger_every_day,chicago,684,04:14,0.0,,billboard
433,silent_lucidity,queensryche,685,05:48,0.0,,billboard
434,need_you_tonight,inxs,687,03:10,0.0,,billboard
435,on_the_road_again,canned_heat,688,05:03,0.0,,billboard
436,queen_of_hearts,juice_newton,690,03:30,1.0,,billboard
437,tell_it_like_it_is,the_neville_brothers,691,04:27,-1.0,,billboard
438,fever,rita_coolidge,692,03:30,1.0,,billboard
439,boulevard,jackson_browne,695,03:21,0.0,,billboard
440,too_many_rivers,brenda_lee,696,02:52,1.0,,billboard
441,people_get_ready,jeff_beck,698,04:56,0.0,,billboard
442,heartaches,bachman-turner_overdrive,699,03:54,1.0,,billboard
443,does_anybody_really_know_what_time_it_is,chicago,700,03:20,1.0,,billboard
444,white_wedding,billy_idol,701,04:13,1.0,,billboard
445,baby_dont_change_your_mind,gladys_knight__and__the_pips,705,03:15,1.0,,billboard
446,living_in_the_past,jethro_tull,706,03:23,0.0,,billboard
447,this_should_go_on_forever,rod_bernard,707,02:45,0.0,,billboard
448,sara_smile,daryl_hall__and__john_oates,708,03:06,0.0,,billboard
449,caught_up_in_the_rapture,anita_baker,709,05:18,0.0,,billboard
450,some_days_are_diamonds_some_days_are_stone,john_denver,711,04:03,0.0,,billboard
451,ko-ko_joe,jerry_reed,713,02:35,0.0,,billboard
452,lady_you_bring_me_up,commodores,716,04:01,0.0,,billboard
453,rocky_mountain_high,john_denver,720,04:46,1.0,,billboard
454,where_are_you,dinah_washington,722,02:16,-1.0,,billboard
455,maybe_tomorrow,badfinger,723,02:49,-1.0,,billboard
456,for_the_good_times,ray_price,725,03:50,0.0,,billboard
457,would_it_make_any_difference_to_you,etta_james,726,02:39,0.0,,billboard
458,eight_days_a_week,the_beatles,727,02:44,0.0,,billboard
459,breaking_up_is_hard_to_do,neil_sedaka,728,02:19,1.0,,billboard
460,pretty_in_pink,psychedelic_furs,729,04:40,0.0,,billboard
461,his_latest_flame,elvis_presley,730,02:09,0.0,,billboard
462,lucille,kenny_rogers,731,03:43,1.0,,billboard
463,bird_dog,the_everly_brothers,733,02:17,0.0,,billboard
464,i_will,dean_martin,734,02:23,1.0,,billboard
465,getaway,earth_wind_and_fire,735,03:46,0.0,,billboard
466,do_i_do,stevie_wonder,736,10:29,1.0,,billboard
467,shadow_dancing,andy_gibb,737,04:34,-1.0,,billboard
468,living_doll,cliff_richard,740,02:39,0.0,,billboard
469,love_is_a_battlefield,pat_benatar,741,04:11,1.0,,billboard
470,the_power,snap,742,03:41,0.0,,billboard
471,one_way_or_another,blondie,743,03:28,0.0,,billboard
472,that_old_black_magic,louis_prima__and__keely_smith,746,02:57,1.0,,billboard
473,baby_can_i_hold_you,tracy_chapman,747,03:14,0.0,,billboard
474,crying_time,ray_charles,748,02:59,1.0,,billboard
475,dyer_maker,led_zepplin,749,04:23,0.0,,billboard
476,id_love_to_change_the_world,ten_years_after,751,03:45,0.0,,billboard
477,levon,elton_john,752,05:22,0.0,,billboard
478,smokin_in_the_boys_room,brownsville_station,755,02:59,0.0,,billboard
479,world_in_my_eyes,depeche_mode,757,04:00,1.0,,billboard
480,come_monday,jimmy_buffett,758,03:09,0.0,,billboard
481,foggy_mountain_breakdown,flatt__and__scruggs,759,02:42,1.0,,billboard
482,walk_right_in,dr._hook,761,03:04,-1.0,,billboard
483,walk_like_a_man,grand_funk_railroad,762,04:05,2.0,,billboard
484,too_weak_to_fight,clarence_carter,765,02:18,0.0,,billboard
485,ask_me,elvis_presley,766,02:08,-1.0,,billboard
486,the_night_chicago_died,paper_lace,767,03:37,-1.0,,billboard
487,that_girl,stevie_wonder,768,05:14,1.0,,billboard
488,all_through_the_night,cyndi_lauper,769,04:30,0.0,,billboard
489,hair,the_cowsills,770,03:32,0.0,,billboard
490,press,paul_mccartney,772,04:43,0.0,,billboard
491,i_want_to_walk_you_home,fats_domino,773,02:22,1.0,,billboard
492,walking_in_memphis,marc_cohn,775,04:16,0.0,,billboard
493,along_comes_a_woman,chicago,776,03:49,0.0,,billboard
494,rescue_me,fontella_bass,777,02:53,0.0,,billboard
495,a_very_special_love_song,charlie_rich,779,02:46,0.0,,billboard
496,time_is_on_my_side,rolling_stones,780,02:59,0.0,,billboard
497,on_broadway,the_drifters,781,03:00,0.0,,billboard
498,because_i_love_you,stevie_b,782,04:22,0.0,,billboard
499,hot_child_in_the_city,nick_gilder,783,03:09,0.0,,billboard
500,soul_and_inspiration,the_righteous_brothers,785,03:09,-1.0,,billboard
501,the_ways_of_a_woman_in_love,johnny_cash,787,02:17,1.0,,billboard
502,last_date,floyd_cramer,788,02:30,0.0,,billboard
503,hey_baby,bruce_channel,789,02:23,1.0,,billboard
504,everybody_loves_me_but_you,brenda_lee,790,02:34,0.0,,billboard
505,hungry_eyes,eric_carmen,791,04:08,0.0,,billboard
506,almost_grown,chuck_berry,792,02:21,0.0,,billboard
507,my_way,elvis_presley,793,04:34,0.0,,billboard
508,catch_my_fall,billy_idol,794,03:42,0.0,,billboard
509,i_want_you,marvin_gaye,795,03:59,0.0,,billboard
510,youre_the_first_the_last_my_everything,barry_white,796,03:24,0.0,,billboard
511,straight_from_the_heart,the_allman_brothers,798,03:47,-1.0,,billboard
512,magic_man,heart,800,05:29,0.0,,billboard
513,theme_from_the_dukes_of_hazzard,waylon_jennings,802,02:09,0.0,,billboard
514,true_colors,cyndi_lauper,803,03:48,0.0,,billboard
515,september,earth_wind__and__fire,804,02:28,0.0,,billboard
516,just_a_dream,jimmy_clanton,805,02:32,0.0,,billboard
517,were_all_alone,rita_coolidge,806,03:40,0.0,,billboard
518,you_took_the_words_right_out_of_my_mouth,meat_loaf,807,04:50,0.0,,billboard
519,on_the_wings_of_a_nightingale,the_everly_brothers,809,02:36,0.0,,billboard
520,unskinny_bop,poison,810,03:49,1.0,,billboard
521,lets_get_serious,jermaine_jackson,811,03:36,0.0,,billboard
522,california_nights,leslie_gore,813,02:50,1.0,,billboard
523,big_iron,marty_robbins,814,03:57,0.0,,billboard
524,where_or_when,dion,816,02:40,0.0,,billboard
525,blue_jean,david_bowie,818,03:12,0.0,,billboard
526,mercy_mercy_me_the_ecology,marvin_gaye,819,02:31,0.0,,billboard
527,just_like_jesse_james,cher,821,04:06,0.0,,billboard
528,i_cried_a_tear,lavern_baker,822,02:36,1.0,,billboard
529,lovely_day,bill_withers,823,04:07,0.0,,billboard
530,50_ways_to_leave_your_lover,paul_simon,824,03:15,0.0,,billboard
531,just_a_friend,biz_markie,827,04:01,0.0,,billboard
532,journey_to_the_center_of_the_mind,the_amboy_dukes,828,03:35,2.0,,billboard
533,trying_to_live_my_life_without_you,bob_seger__and__the_silver_bullet_band,830,04:04,0.0,,billboard
534,sexy_eyes,dr._hook,831,03:33,0.0,,billboard
535,through_the_years,kenny_rogers,832,04:46,1.0,,billboard
536,you_can_call_me_al,paul_simon,833,04:41,0.0,,billboard
537,good_morning_starshine,oliver,834,03:39,0.0,,billboard
538,sweet_love,anita_baker,837,04:26,1.0,,billboard
539,surfin_safari,the_beach_boys,838,02:09,1.0,,billboard
540,when_will_i_be_loved,linda_ronstadt,839,02:05,0.0,,billboard
541,born_to_be_wild,steppenwolf,841,03:30,-1.0,,billboard
542,goodbye_yellow_brick_road,elton_john,842,03:15,0.0,,billboard
543,if_i_could_turn_back_time,cher,843,04:01,-1.0,,billboard
544,burning_down_the_house,talking_heads,844,04:01,0.0,,billboard
545,i_got_my_mind_set_on_you,george_harrison,845,03:55,0.0,,billboard
546,dance_away,roxy,846,03:47,0.0,,billboard
547,sweet_surrender,bread,847,02:37,0.0,,billboard
548,liar_liar,the_castaways,848,01:55,1.0,http://vkmusic.me/the-castaways-liar-liar/,billboard
549,do_you_love_me,the_contours,849,02:54,0.0,,billboard
550,jump_for_my_love,the_pointer_sisters,850,04:02,0.0,,billboard
551,bad_moon_rising,creedence_clearwater_revival,852,02:13,0.0,,billboard
552,i_saw_her_standing_there,the_beatles,853,02:56,0.0,,billboard
553,get_up_i_feel_like_being_like_a_sex_machine_part_1,james_brown,857,05:19,1.0,,billboard
554,make_a_little_magic,nitty_gritty_dirt_band,859,03:55,0.0,,billboard
555,youve_got_another_thing_comin,judas_priest,861,05:11,1.0,,billboard
556,wheels,the_string-a-longs,863,02:04,0.0,http://vkmusic.me/the-string-a-longs-wheels/,billboard
557,elvira,oak_ridge_boys,864,02:41,1.0,,billboard
558,dont_talk_to_strangers,rick_springfield,865,03:01,0.0,,billboard
559,and_she_was,talking_heads,870,03:39,0.0,,billboard
560,the_battle_of_new_orleans,johnny_horton,873,02:33,-1.0,,billboard
561,she_thinks_i_still_care,elvis_presley,875,03:52,1.0,,billboard
562,walk_this_way,run-d.m.c.,879,05:12,0.0,,billboard
563,dont_stand_so_close_to_me,police,881,04:03,0.0,,billboard
564,somebody_s_watching_me,rockwell,882,04:02,1.0,,billboard
565,one,metallica,884,07:24,-2.0,,billboard
566,the_way_you_do_the_things_you_do,ub40,885,03:03,0.0,,billboard
567,dance_hall_days,wang_chung,886,04:00,0.0,,billboard
568,me_myself_and_i,de_la_soul,887,03:41,0.0,,billboard
569,baby_dont_change_your_mind,gladys_knight__and__the_pips,888,03:15,1.0,,billboard
570,don_t_you_know_what_the_night_can_do,steve_winwood,889,06:55,0.0,,billboard
571,lets_go_get_stoned,ray_charles,890,03:04,0.0,,billboard
572,happy_jack,the_who,891,02:12,0.0,,billboard
573,war,edwin_starr,893,03:29,1.0,,billboard
574,on_and_on_and_on,abba,894,03:42,0.0,,billboard
575,a_dream_goes_on_forever,todd_rundgren,895,02:59,0.0,,billboard
576,california_nights,leslie_gore,896,02:50,1.0,,billboard
577,i_cant_stand_it,eric_clapton,898,04:10,-1.0,,billboard
578,i_wish_it_would_rain,the_temptations,900,02:54,1.0,,billboard
579,country_road,james_taylor,901,03:23,0.0,,billboard
580,honey_honey,abba,902,02:54,0.0,,billboard
581,be_my_baby,the_ronettes,903,02:39,0.0,,billboard
582,till_the_end_of_the_day,the_kinks,904,02:37,-2.0,,billboard
583,teach_your_children,crosby_stills__and__nash,905,02:54,0.0,,billboard
584,kisses_on_the_wind,neneh_cherry,909,03:57,0.0,,billboard
585,time_for_me_to_fly,reo_speedwagon,910,03:33,0.0,,billboard
586,hold_on,wilson_phillips,911,03:41,0.0,,billboard
587,girl_you_know_it_s_true,milli_vanilli,913,04:13,1.0,,billboard
588,sweet_caroline_good_times_never_seemed_so_good,bobby_womack,915,03:10,0.0,,billboard
589,promises,eric_clapton,916,03:01,0.0,,billboard
590,hot_in_the_city,billy_idol,920,03:38,0.0,,billboard
591,judy,elvis_presley,923,02:12,0.0,,billboard
592,the_best_disco_in_town,the_ritchie_family,925,03:14,1.0,,billboard
593,perfidia,the_ventures,926,02:06,1.0,,billboard
594,mony_mony,tommy_james,928,02:55,1.0,,billboard
595,dirty_water,rock_and_hyde,929,04:18,-2.0,,billboard
596,treat_her_like_a_lady,cornelius_brothers__and__sister_rose,932,02:46,1.0,,billboard
597,eleanor_rigby,ray_charles,933,03:00,0.0,,billboard
598,cry_like_a_baby,the_box_tops,935,02:35,1.0,,billboard
599,feel_like_making_love,roberta_flack,940,02:57,-1.0,,billboard
600,like_a_rock,bob_seger,941,05:55,-1.0,,billboard
601,i_found_a_true_love,wilson_pickett,943,02:26,0.0,,billboard
602,starting_over_again,dolly_parton,944,03:58,1.0,,billboard
603,riders_on_the_storm,the_doors,945,07:11,2.0,,billboard
604,i_second_that_emotion,the_miracles,946,02:48,-1.0,,billboard
605,fakin_it,simon__and__garfunkel,947,03:19,0.0,,billboard
606,the_twist,chubby_checker,948,02:36,0.0,,billboard
607,all_i_ever_need_is_you,sonny__and__cher,950,02:40,0.0,,billboard
608,feelin_satisfied,boston,952,04:12,0.0,,billboard
609,i_cried_a_tear,lavern_baker,954,02:36,0.0,,billboard
610,miss_you,the_rolling_stones,958,04:49,-1.0,,billboard
611,take_a_chance_on_me,abba,961,04:02,0.0,,billboard
612,the_stroke,billy_squier,963,03:28,-2.0,,billboard
613,hello_hello,the_sopwith_camel,964,02:25,0.0,,billboard
614,sweet_soul_music,arthur_conley,965,02:23,1.0,,billboard
615,breezin,george_benson,967,05:42,0.0,,billboard
616,coming_on_strong,brenda_lee,968,02:05,0.0,,billboard
617,dont_ask_me_why,billy_joel,969,02:59,0.0,,billboard
618,modern_love,david_bowie,970,04:49,0.0,,billboard
619,little_too_late,pat_benatar,973,04:08,0.0,,billboard
620,the_look_of_love,isaac_hayes,978,11:14,0.0,,billboard
621,karma_chameleon,culture_club,979,04:15,0.0,,billboard
622,venus,bananarama,981,03:42,0.0,,billboard
623,unforgettable,natalie_cole,982,03:13,1.0,,billboard
624,hello_stranger,barbara_lewis,984,02:41,0.0,,billboard
625,dancing_machine,the_jacksons,985,02:38,0.0,,billboard
626,you_make_me_feel_like_dancing,leo_sayer,986,02:54,1.0,,billboard
627,baby_im_burnin,dolly_parton,987,02:38,1.0,,billboard
628,if,bread,988,02:36,0.0,,billboard
629,shapes_of_things,the_yardbirds,990,02:25,1.0,,billboard
630,the_bitch_is_back,elton_john,991,03:38,1.0,,billboard
631,nightshift,the_commodores,992,04:25,0.0,,billboard
632,there_goes_my_everything,elvis_presley,993,03:00,0.0,,billboard
633,gloria,laura_branigan,995,03:54,0.0,,billboard
634,i_want_to_take_you_higher,ike__and__tina_turner,996,02:53,0.0,,billboard
635,hocus_pocus,focus,999,03:27,0.0,,billboard
636,freeze-frame,j._geils_band,1002,04:00,1.0,,billboard
637,baby_come_back,player,1003,03:38,0.0,,billboard
638,three_hearts_in_a_tangle,roy_drusky,1006,02:44,0.0,,billboard
639,unchained_melody,the_righteous_brothers,1007,03:38,0.0,,billboard
640,the_millionaire,dr._hook,1009,03:01,0.0,,billboard
641,i_drove_all_night,cyndi_lauper,1011,04:13,0.0,,billboard
642,all_this_time,sting,1012,04:56,1.0,,billboard
643,play_that_funky_music,wild_cherry,1014,03:19,0.0,,billboard
644,disco_inferno,the_trammps,1016,03:37,0.0,,billboard
645,in_the_midnight_hour,wilson_pickett,1018,02:39,0.0,,billboard
646,hey_you!_get_off_my_mountain,the_dramatics,1020,03:31,0.0,,billboard
647,surrender,cheap_trick,1022,04:16,0.0,,billboard
648,over_the_hills_and_far_away,led_zeppelin,1025,05:08,0.0,,billboard
649,we_don_t_need_another_hero_thunderdome,tina_turner,1031,04:16,0.0,,billboard
650,down_and_out_in_new_york_city,james_brown,1032,04:46,0.0,,billboard
651,goin_back,the_byrds,1033,03:28,0.0,,billboard
652,town_without,gene_pitney,1037,02:52,1.0,,billboard
653,girl_i_m_gonna_miss_you,milli_vanilli,1039,03:58,0.0,,billboard
654,lay_down_sally,eric_clapton,1040,03:51,0.0,,billboard
655,it_keeps_right_on_a-hurtin,johnny_tillotson,1041,02:50,0.0,,billboard
656,oh_me_oh_my_im_a_fool_for_you_baby,aretha_franklin,1042,03:42,0.0,,billboard
657,is_there_something_i_should_know,duran_duran,1043,04:10,0.0,,billboard
658,count_on_me,jefferson_starship,1045,03:18,0.0,,billboard
659,jamie,eddie_holland,1046,02:25,-1.0,,billboard
660,my_kinda_lover,billy_squier,1051,03:31,0.0,,billboard
661,another_brick_in_the_wall_part_ii,pink_floyd,1052,04:00,-1.0,,billboard
662,heartbreaker,pat_benatar,1053,03:27,1.0,,billboard
663,i_walk_alone,marty_robbins,1054,03:20,0.0,,billboard
664,my_wish_came_true,elvis_presley,1055,02:35,1.0,,billboard
665,aint_no_sunshine,bill_withers,1058,02:06,1.0,,billboard
666,ive_been_everywhere,hank_snow,1059,02:47,0.0,,billboard
667,best_of_my_love,eagles,1061,04:35,0.0,,billboard
668,tuff_enuff,the_fabulous_thunderbirds,1062,03:23,1.0,,billboard
669,this_little_girl,dion,1063,02:38,0.0,,billboard
670,sad_eyes,robert_john,1064,04:13,-1.0,,billboard
671,my_hometown,bruce_springsteen,1066,04:34,0.0,,billboard
672,hurts_to_be_in_love,gino_vanelli,1067,03:43,0.0,,billboard
673,never_can_say_goodbye,gloria_gaynor,1068,02:58,0.0,,billboard
674,every_time_i_think_of_you,the_babys,1070,04:03,1.0,,billboard
675,rock_and_roll_never_forgets,bob_seger,1071,03:36,0.0,,billboard
676,be_my_guest,fats_domino,1072,02:16,0.0,,billboard
677,devil_woman,cliff_richard,1073,03:35,0.0,,billboard
678,can_we_still_be_friends,todd_rundgren,1076,03:36,0.0,,billboard
679,therell_never_be,switch,1078,03:37,1.0,,billboard
680,take_me_down,alabama,1082,03:44,1.0,,billboard
681,all_through_the_night,cyndi_lauper,1084,04:30,0.0,,billboard
682,make_me_smile,chicago,1085,04:26,1.0,,billboard
683,dont_leave_me_this_way,thelma_houston,1086,03:42,1.0,,billboard
684,there_but_for_fortune,joan_baez,1087,03:15,0.0,,billboard
685,who_will_you_run_to,heart,1089,04:05,-1.0,,billboard
686,hes_a_rebel,the_crystals,1091,02:37,2.0,https://mp3co.ooo/s/the%20crystals%20hes%20a%20rebel/,billboard
687,i_can_help,billy_swan,1093,02:58,0.0,,billboard
688,look-ka_py_py,the_meters,1096,03:16,0.0,,billboard
689,private_dancer,tina_turner,1098,07:14,0.0,,billboard
690,where_are_you,dinah_washington,1099,02:16,0.0,,billboard
691,i_was_born_to_cry,dion,1101,02:27,0.0,,billboard
692,rock_this_town,stray_cats,1102,03:25,0.0,,billboard
693,the_twist,chubby_checker,1103,02:36,0.0,,billboard
694,what_you_see_is_what_you_get,tina_turner,1104,04:27,-1.0,,billboard
695,bust_a_move,young_mc,1106,04:25,-1.0,,billboard
696,ob-la-di_ob-la-da,the_beatles,1107,03:09,0.0,,billboard
697,it_takes_two,rob_base,1109,05:02,1.0,,billboard
698,reelin__and__rockin,chuck_berry,1110,03:17,-1.0,,billboard
699,land_of_1000_dances,chris_kenner,1111,02:29,0.0,,billboard
700,never_knew_love_like_this_before,stephanie_mills,1112,05:24,1.0,,billboard
701,lonely_weekends,charlie_rich,1113,02:10,-1.0,,billboard
702,wichita_lineman,glen_campbell,1114,03:07,0.0,,billboard
703,ebony_eyes,the_everly_brothers,1116,03:06,1.0,,billboard
704,funny_girl,barbra_streisand,1118,02:45,0.0,,billboard
705,will_the_wolf_survive,los_lobos,1119,03:43,1.0,,billboard
706,big_iron,marty_robbins,1120,03:57,0.0,,billboard
707,lonely_weekends,charlie_rich,1123,02:10,0.0,,billboard
708,treat_her_right,roy_head,1125,02:06,-1.0,,billboard
709,invisible_touch,genesis,1126,03:29,0.0,,billboard
710,one_less_bell_to_answer,the_5th_dimension,1127,03:31,0.0,,billboard
711,those_lazy-hazy-crazy_days_of_summer,nat_king_cole,1132,02:25,0.0,,billboard
712,cruisin,smokey_robinson,1133,04:30,-1.0,,billboard
713,mighty_good_lovin,the_miracles,1134,02:38,1.0,,billboard
714,loving_her_was_easier,kris_kristofferson,1135,03:47,-1.0,,billboard
715,get_together,the_youngbloods,1136,04:37,0.0,,billboard
716,torn_between_two_lovers,mary_macgregor,1138,03:43,1.0,,billboard
717,are_you_sure_hank_done_it_this_way,waylon_jennings,1139,02:56,1.0,,billboard
718,oh_father,madonna,1140,04:59,-1.0,,billboard
719,talk_back_trembling_lips,johnny_tillotson,1141,02:39,-1.0,,billboard
720,hard_days_night,the_beatles,1142,02:33,0.0,,billboard
721,i_love_a_rainy_night,eddie_rabbitt,1143,03:10,1.0,,billboard
722,tell_me_what_you_want_me_to_do,tevin_campbell,1145,04:18,2.0,,billboard
723,abraham_martin_and_john,dion,1146,03:20,0.0,,billboard
724,a_cowboys_work_is_never_done,sonny__and__cher,1147,03:18,0.0,,billboard
725,i_don_t_want_your_love,duran_duran,1148,03:48,0.0,,billboard
726,going_to_chicago_blues,count_basie,1149,04:14,1.0,,billboard
727,rock_this_town,stray_cats,1150,03:25,0.0,,billboard
728,soul_and_inspiration,the_righteous_brothers,1151,03:09,-1.0,,billboard
729,love_came_to_me,dion,1152,02:46,0.0,,billboard
730,the_sounds_of_silence,simon__and__garfunkel,1153,03:09,0.0,,billboard
731,think_of_me,buck_owens,1154,02:20,0.0,,billboard
732,running_on_empty,jackson_browne,1155,04:59,1.0,,billboard
733,easy,the_commodores,1157,04:24,0.0,,billboard
734,i_got_stripes,johnny_cash,1160,02:05,-1.0,,billboard
735,daddys_home,cliff_richard,1161,03:01,0.0,,billboard
736,cruisin,smokey_robinson,1162,04:30,-1.0,,billboard
737,my_love,paul_mccartney__and__wings,1163,04:08,1.0,,billboard
738,i_cried_a_tear,lavern_baker,1166,02:36,0.0,,billboard
739,rebel_yell,billy_idol,1167,04:51,0.0,,billboard
740,ode_to_billie_joe,bobbie_gentry,1168,04:16,1.0,,billboard
741,right_here_right_now,jesus_jones,1169,03:06,0.0,,billboard
742,summertime_blues,blue_cheer,1170,03:46,-1.0,,billboard
743,night_moves,bob_seger,1171,05:26,0.0,,billboard
744,live_to_tell,madonna,1173,05:52,1.0,,billboard
745,happy_anniversary,little_river_band,1174,04:01,0.0,,billboard
746,against_the_wind,bob_seger,1177,05:34,0.0,,billboard
747,i_want_you_back,the_jacksons,1178,03:00,0.0,,billboard
748,lucky_man,emerson_lake__and__palmer,1180,04:41,1.0,,billboard
749,kicks,paul_revere__and__the_raiders,1181,02:29,1.0,,billboard
750,my_world_fell_down,sagittarius,1182,03:50,0.0,,billboard
751,private_dancer,tina_turner,1183,07:14,0.0,,billboard
752,baby_baby_dont_cry,the_miracles,1186,03:59,0.0,,billboard
753,man_in_the_mirror,michael_jackson,1188,05:20,0.0,,billboard
754,only_sixteen,dr._hook,1190,02:46,0.0,,billboard
755,standing_in_the_shadows_of_love,four_tops,1192,02:39,0.0,,billboard
756,shes_a_woman,the_beatles,1193,02:55,-1.0,https://mp3co.ooo/s/the%20beatles%20shes%20a%20woman/,billboard
757,the_year_that_clayton_delaney_died,tom_t._hall,1194,02:45,2.0,,billboard
758,i_wont_stand_in_your_way,stray_cats,1197,03:55,0.0,,billboard
759,echoes_of_love,the_doobie_brothers,1200,02:59,1.0,,billboard
760,three_times_a_lady,the_commodores,1201,03:40,1.0,,billboard
761,island_of_lost_souls,blondie,1203,03:50,0.0,,billboard
762,heartbreaker,pat_benatar,1204,03:27,0.0,,billboard
763,even_now,bob_seger,1208,04:33,0.0,,billboard
764,lovers_who_wander,dion,1210,02:32,0.0,,billboard
765,you_dont_own_me,lesley_gore,1211,02:32,1.0,,billboard
766,baby_dont_go,sonny__and__cher,1212,03:09,1.0,,billboard
767,i_dont_want_to_spoil_the_party,the_beatles,1213,02:36,1.0,,billboard
768,last_dance,donna_summer,1217,03:20,1.0,,billboard
769,behind_closed_doors,charlie_rich,1218,02:56,0.0,,billboard
770,get_ready,rare_earth,1220,02:50,0.0,,billboard
771,im_in_love,wilson_pickett,1221,02:33,-1.0,,billboard
772,carrie,cliff_richard,1222,03:45,0.0,,billboard
773,ill_tumble_4_ya,culture_club,1223,02:36,0.0,,billboard
774,ive_got_a_tiger_by_the_tail,buck_owens,1225,02:15,0.0,,billboard
775,all_she_wants_is,duran_duran,1226,04:27,-1.0,,billboard
776,chicago,25_or_6_to_4,1227,04:50,1.0,,billboard
777,saturday_night,bay_city_rollers,1228,02:58,0.0,,billboard
778,youve_got_a_friend,roberta_flack_and_donny_hathaway,1229,03:27,0.0,,billboard
779,heaven_must_have_sent_you,bonnie_pointer,1232,03:36,0.0,,billboard
780,amanda,boston,1234,04:16,0.0,,billboard
781,for_ol_times_sake,elvis_presley,1235,03:38,0.0,,billboard
782,something_about_you,level_42,1237,03:47,1.0,,billboard
783,will_you_love_me_tomorrow,the_shirelles,1239,02:44,0.0,,billboard
784,alive_again,chicago,1240,04:06,0.0,,billboard
785,last_dance,donna_summer,1242,03:20,1.0,,billboard
786,help!,the_beatles,1244,02:20,0.0,,billboard
787,paper_roses,marie_osmond,1245,02:42,0.0,,billboard
788,20-75,willie_mitchell,1247,02:17,1.0,,billboard
789,thats_old_fashioned_thats_the_way_love_should_be,the_everly_brothers,1248,02:22,0.0,,billboard
790,rockn_me,steve_miller_band,1249,03:09,1.0,,billboard
791,baby_dont_change_your_mind,gladys_knight__and__the_pips,1250,03:15,1.0,,billboard
792,all_alone_am_i,brenda_lee,1253,02:46,0.0,,billboard
793,abacab,genesis,1256,08:47,0.0,,billboard
794,lovin_you,minnie_riperton,1257,03:24,-1.0,,billboard
795,lady,kenny_rogers,1258,03:55,1.0,,billboard
796,right_here_right_now,jesus_jones,1260,03:06,0.0,,billboard
797,el_condor_pasa,simon__and__garfunkel,1261,03:09,1.0,,billboard
798,if_i_were_a_carpenter,bobby_darin,1265,03:01,0.0,,billboard
799,honky_tonk_women,the_rolling_stones,1266,03:02,0.0,,billboard
800,frankenstein,edgar_winter,1268,03:28,0.0,,billboard
801,who_wears_these_shoes,elton_john,1269,04:03,0.0,,billboard
802,lambada,kaoma,1270,03:24,-2.0,,billboard
803,the_rose,bette_midler,1271,03:41,0.0,,billboard
804,we_dont_talk_anymore,cliff_richard,1273,04:14,1.0,,billboard
805,she_bop,cyndi_lauper,1274,03:49,0.0,,billboard
806,baby_don_t_forget_my_number,milli_vanilli,1276,06:28,0.0,,billboard
807,american_storm,bob_seger,1277,04:18,0.0,,billboard
808,let_the_music_play,shannon,1279,03:42,-1.0,,billboard
809,treat_her_like_a_lady,cornelius_brothers__and__sister_rose,1280,02:46,1.0,,billboard
810,when_its_love,van_halen,1281,05:22,0.0,,billboard
811,crackerbox_palace,george_harrison,1282,03:58,0.0,,billboard
812,standing_in_the_shadows_of_love,four_tops,1283,02:39,0.0,,billboard
813,upside_down,diana_ross,1285,03:43,1.0,,billboard
814,sukiyaki,a_taste_of_honey,1286,03:43,-1.0,,billboard
815,johnny_reb,johnny_horton,1287,02:21,-1.0,,billboard
816,there_she_goes,the_las,1289,02:43,-1.0,,billboard
817,happy_together,the_turtles,1290,02:55,0.0,,billboard
818,hes_so_fine,the_chiffons,1292,01:56,1.0,,billboard
819,white_wedding,billy_idol,1296,04:13,0.0,,billboard
820,ebony_eyes,the_everly_brothers,1297,03:06,0.0,,billboard
821,where_the_streets_have_no_names,pet_shop_boys,1300,04:33,0.0,,billboard
822,your_mother_should_know,the_beatles,905,02:30,0.0,,chordlab
823,baby_youre_a_rich_man,the_beatles,910,03:04,0.0,,chordlab
824,flying,the_beatles,903,02:17,0.0,,chordlab
825,hello_goodbye,the_beatles,907,03:31,0.0,,chordlab
826,i_am_the_walrus,the_beatles,906,04:37,0.0,,chordlab
827,blue_jay_way,the_beatles,904,03:57,0.0,,chordlab
828,all_you_need_is_love,the_beatles,911,03:48,0.0,,chordlab
829,magical_mystery_tour,the_beatles,901,02:52,0.0,,chordlab
830,the_fool_on_the_hill,the_beatles,902,03:00,0.0,,chordlab
831,penny_lane,the_beatles,909,03:03,0.0,,chordlab
832,strawberry_fields_forever,the_beatles,908,04:11,0.0,,chordlab
833,here_there_and_everywhere,the_beatles,705,02:26,0.0,,chordlab
834,love_you_to,the_beatles,704,03:01,0.0,,chordlab
835,she_said_she_said,the_beatles,707,02:37,0.0,,chordlab
836,yellow_submarine,the_beatles,706,02:40,0.0,,chordlab
837,doctor_robert,the_beatles,711,02:15,0.0,,chordlab
838,got_to_get_you_into_my_life,the_beatles,713,02:31,0.0,,chordlab
839,taxman,the_beatles,701,02:39,0.0,,chordlab
840,i_want_to_tell_you,the_beatles,712,02:30,0.0,,chordlab
841,tomorrow_never_knows,the_beatles,714,02:57,0.0,,chordlab
842,good_day_sunshine,the_beatles,708,02:10,0.0,,chordlab
843,im_only_sleeping,the_beatles,703,03:02,0.0,,chordlab
844,for_no_one,the_beatles,710,02:02,0.0,,chordlab
845,eleanor_rigby,the_beatles,702,02:08,0.0,,chordlab
846,and_your_bird_can_sing,the_beatles,709,02:02,0.0,,chordlab
847,the_long_and_winding_road,the_beatles,1210,03:38,0.0,,chordlab
848,get_back,the_beatles,1212,03:07,0.0,,chordlab
849,ive_got_a_feeling,the_beatles,1208,03:38,0.0,,chordlab
850,dig_it,the_beatles,1205,00:50,0.0,,chordlab
851,i_me_mine,the_beatles,1204,02:26,0.0,,chordlab
852,across_the_universe,the_beatles,1203,03:49,0.0,,chordlab
853,dig_a_pony,the_beatles,1202,03:55,0.0,,chordlab
854,two_of_us,the_beatles,1201,03:37,0.0,,chordlab
855,for_you_blue,the_beatles,1211,02:33,-1.0,,chordlab
856,one_after_909,the_beatles,1209,02:56,0.0,,chordlab
857,maggie_mae,the_beatles,1207,00:41,0.0,,chordlab
858,let_it_be,the_beatles,1206,04:03,0.0,,chordlab
859,glass_onion,the_beatles,10103,02:18,0.0,,chordlab
860,happiness_is_a_warm_gun,the_beatles,10108,02:43,0.0,,chordlab
861,black_bird,the_beatles,10111,02:18,0.0,,chordlab
862,why_dont_we_do_it_in_the_road,the_beatles,10115,01:41,0.0,,chordlab
863,dont_pass_me_by,the_beatles,10114,03:50,0.0,,chordlab
864,while_my_guitar_gently_weeps,the_beatles,10107,04:45,0.0,,chordlab
865,piggies,the_beatles,10112,02:04,0.0,,chordlab
866,martha_my_dear,the_beatles,10109,02:29,0.0,,chordlab
867,i_will,the_beatles,10116,01:46,0.0,,chordlab
868,rocky_raccoon,the_beatles,10113,03:33,0.0,,chordlab
869,ob-la-di_ob-la-da,the_beatles,10104,03:09,0.0,https://ru123.iplayer.info/song/36930529/The_Beatles_-_Ob-La-Di_Ob-La-Da_The_Beatles-1968/,chordlab
870,the_continuing_story_of_bungalow_bill,the_beatles,10106,03:14,0.0,,chordlab
871,back_in_the_ussr,the_beatles,10101,02:43,0.0,,chordlab
872,wild_honey_pie,the_beatles,10105,00:53,0.0,,chordlab
873,im_so_tired,the_beatles,10110,02:03,0.0,https://mp3co.ooo/s/the%20beatles%20im%20so%20tired/,chordlab
874,julia,the_beatles,10117,02:54,0.0,,chordlab
875,dear_prudence,the_beatles,10102,03:56,0.0,,chordlab
876,mother_natures_son,the_beatles,10203,02:48,0.0,,chordlab
877,everybodys_got_something_to_hide_except_me_and_my_monkey,the_beatles,10204,02:25,0.0,,chordlab
878,honey_pie,the_beatles,10209,02:41,0.0,,chordlab
879,cry_baby_cry,the_beatles,10211,03:02,0.0,,chordlab
880,long_long_long,the_beatles,10207,03:04,0.0,,chordlab
881,helter_skelter,the_beatles,10206,04:30,0.0,,chordlab
882,savoy_truffle,the_beatles,10210,02:55,0.0,,chordlab
883,birthday,the_beatles,10201,02:43,0.0,,chordlab
884,good_night,the_beatles,10213,03:12,0.0,,chordlab
885,revolution_1,the_beatles,10208,04:16,0.0,,chordlab
886,revolution_9,the_beatles,10212,08:22,0.0,,chordlab
887,sexy_sadie,the_beatles,10205,03:15,0.0,,chordlab
888,yer_blues,the_beatles,10202,04:01,0.0,,chordlab
889,if_i_fell,the_beatles,303,02:22,0.0,,chordlab
890,a_hard_days_night,the_beatles,301,02:33,0.0,,chordlab
891,ill_cry_instead,the_beatles,309,01:48,-1.0,,chordlab
892,when_i_get_home,the_beatles,311,02:18,0.0,,chordlab
893,ill_be_back,the_beatles,313,02:20,0.0,https://mp3co.ooo/s/the%20beatles%20ill%20be%20back/,chordlab
894,cant_buy_me_love,the_beatles,307,02:15,0.0,,chordlab
895,i_should_have_known_better,the_beatles,302,02:44,0.0,,chordlab
896,and_i_love_her,the_beatles,305,02:31,0.0,,chordlab
897,tell_me_why,the_beatles,306,02:10,0.0,,chordlab
898,you_cant_do_that,the_beatles,312,02:38,0.0,,chordlab
899,any_time_at_all,the_beatles,308,02:13,0.0,,chordlab
900,im_happy_just_to_dance_with_you,the_beatles,304,01:59,0.0,,chordlab
901,things_we_said_today,the_beatles,310,02:39,0.0,,chordlab
902,you_wont_see_me,the_beatles,603,03:23,0.0,,chordlab
903,the_word,the_beatles,606,02:44,0.0,,chordlab
904,michelle,the_beatles,607,02:42,0.0,,chordlab
905,run_for_your_life,the_beatles,614,02:19,0.0,,chordlab
906,nowhere_man,the_beatles,604,02:44,0.0,,chordlab
907,in_my_life,the_beatles,611,02:28,0.0,,chordlab
908,im_looking_through_you,the_beatles,610,02:28,-2.0,https://mp3co.ooo/s/the%20beatles%20im%20looking%20through%20you/,chordlab
909,drive_my_car,the_beatles,601,02:30,0.0,,chordlab
910,girl,the_beatles,609,02:34,0.0,,chordlab
911,wait,the_beatles,612,02:17,0.0,,chordlab
912,if_i_needed_someone,the_beatles,613,02:24,0.0,,chordlab
913,norwegian_wood_this_bird_has_flown,the_beatles,602,02:05,0.0,,chordlab
914,think_for_yourself,the_beatles,605,02:19,0.0,,chordlab
915,what_goes_on,the_beatles,608,02:51,0.0,,chordlab
916,everybodys_trying_to_be_my_baby,the_beatles,414,02:24,0.0,,chordlab
917,rock_and_roll_music,the_beatles,404,02:34,0.0,,chordlab
918,no_reply,the_beatles,401,02:18,0.0,,chordlab
919,mr._moonlight,the_beatles,406,02:37,0.0,,chordlab
920,i_dont_want_to_spoil_the_party,the_beatles,412,02:36,1.0,,chordlab
921,babys_in_black,the_beatles,403,02:08,0.0,,chordlab
922,kansas_city-_hey_hey_hey_hey,the_beatles,407,02:33,0.0,https://mp3co.ooo/s/the%20beatles%20kansas%20city-%20hey%20hey%20hey%20hey/,chordlab
923,every_little_thing,the_beatles,411,02:05,0.0,,chordlab
924,what_youre_doing,the_beatles,413,02:35,0.0,,chordlab
925,im_a_loser,the_beatles,402,02:34,0.0,,chordlab
926,ill_follow_the_sun,the_beatles,405,01:51,0.0,,chordlab
927,words_of_love,the_beatles,409,02:15,0.0,,chordlab
928,eight_days_a_week,the_beatles,408,02:45,0.0,,chordlab
929,honey_dont,the_beatles,410,03:00,0.0,,chordlab
930,youre_going_to_lose_that_girl,the_beatles,506,02:20,-1.0,,chordlab
931,ticket_to_ride,the_beatles,507,03:12,0.0,,chordlab
932,act_naturally,the_beatles,508,02:33,0.0,,chordlab
933,ive_just_seen_a_face,the_beatles,512,02:07,0.0,,chordlab
934,help!,the_beatles,501,02:21,0.0,,chordlab
935,i_need_you,the_beatles,504,02:32,0.0,,chordlab
936,another_girl,the_beatles,505,02:08,0.0,,chordlab
937,its_only_love,the_beatles,509,01:59,0.0,,chordlab
938,yesterday,the_beatles,513,02:07,0.0,,chordlab
939,tell_me_what_you_see,the_beatles,511,02:40,0.0,,chordlab
940,the_night_before,the_beatles,502,02:37,0.0,,chordlab
941,dizzy_miss_lizzy,the_beatles,514,02:54,0.0,,chordlab
942,you_like_me_too_much,the_beatles,510,02:39,0.0,,chordlab
943,youve_got_to_hide_your_love_away,the_beatles,503,02:11,0.0,,chordlab
944,fixing_a_hole,the_beatles,805,02:37,0.0,,chordlab
945,a_day_in_the_life,the_beatles,813,05:34,0.0,,chordlab
946,being_for_the_benefit_of_mr._kite!,the_beatles,807,02:37,0.0,,chordlab
947,good_morning_good_morning,the_beatles,811,02:41,0.0,,chordlab
948,getting_better,the_beatles,804,02:48,0.0,,chordlab
949,lucy_in_the_sky_with_diamonds,the_beatles,803,03:28,0.0,,chordlab
950,when_im_sixty-four,the_beatles,809,02:38,0.0,https://ru123.iplayer.info/song/25344008/The_Beatles_-_When_I_m_Sixty-Four_instrumental/,chordlab
951,within_you_without_you,the_beatles,808,05:05,0.0,,chordlab
952,with_a_little_help_from_my_friends,the_beatles,802,02:44,0.0,,chordlab
953,sgt._peppers_lonely_hearts_club_band,the_beatles,801,02:02,0.0,,chordlab
954,shes_leaving_home,the_beatles,806,03:35,0.0,,chordlab
955,lovely_rita,the_beatles,810,02:42,0.0,,chordlab
956,sgt._peppers_lonely_hearts_club_band_reprise,the_beatles,812,01:19,0.0,,chordlab
957,chains,the_beatles,104,02:26,0.0,,chordlab
958,theres_a_place,the_beatles,113,01:53,1.0,https://mp3co.ooo/s/the%20beatles%20theres%20a%20place/,chordlab
959,a_taste_of_honey,the_beatles,112,02:05,0.0,,chordlab
960,misery,the_beatles,102,01:50,0.0,,chordlab
961,twist_and_shout,the_beatles,114,02:33,0.0,,chordlab
962,love_me_do,the_beatles,108,02:23,0.0,,chordlab
963,do_you_want_to_know_a_secret,the_beatles,111,01:59,0.0,,chordlab
964,anna_go_to_him,the_beatles,103,02:58,0.0,,chordlab
965,please_please_me,the_beatles,107,02:03,0.0,,chordlab
966,p._s._i_love_you,the_beatles,109,02:06,0.0,,chordlab
967,i_saw_her_standing_there,the_beatles,101,02:56,0.0,,chordlab
968,boys,the_beatles,105,02:28,0.0,,chordlab
969,ask_me_why,the_beatles,106,02:28,0.0,,chordlab
970,baby_its_you,the_beatles,110,02:38,0.0,,chordlab
971,all_ive_got_to_do,the_beatles,202,02:05,0.0,,chordlab
972,devil_in_her_heart,the_beatles,212,02:28,0.0,,chordlab
973,money,the_beatles,214,02:47,0.0,,chordlab
974,roll_over_beethoven,the_beatles,208,02:48,0.0,,chordlab
975,till_there_was_you,the_beatles,206,02:17,0.0,,chordlab
976,little_child,the_beatles,205,01:48,0.0,,chordlab
977,dont_bother_me,the_beatles,204,02:29,0.0,,chordlab
978,all_my_loving,the_beatles,203,02:10,0.0,,chordlab
979,not_a_second_time,the_beatles,213,02:08,0.0,,chordlab
980,you_really_got_a_hold_on_me,the_beatles,210,03:03,0.0,,chordlab
981,i_wanna_be_your_man,the_beatles,211,01:59,0.0,,chordlab
982,please_mister_postman,the_beatles,207,02:37,0.0,,chordlab
983,hold_me_tight,the_beatles,209,02:33,0.0,,chordlab
984,it_wont_be_long,the_beatles,201,02:14,1.0,,chordlab
985,her_majesty,the_beatles,1117,00:23,0.0,,chordlab
986,i_want_you,the_beatles,1106,07:47,0.0,,chordlab
987,sun_king,the_beatles,1110,02:26,0.0,,chordlab
988,here_comes_the_sun,the_beatles,1107,03:06,0.0,,chordlab
989,oh!_darling,the_beatles,1104,03:27,0.0,,chordlab
990,maxwells_silver_hammer,the_beatles,1103,03:27,0.0,,chordlab
991,carry_that_weight,the_beatles,1115,01:37,0.0,,chordlab
992,mean_mr_mustard,the_beatles,1111,01:06,0.0,,chordlab
993,because,the_beatles,1108,02:46,0.0,,chordlab
994,the_end,the_beatles,1116,02:20,0.0,,chordlab
995,something,the_beatles,1102,03:03,0.0,,chordlab
996,golden_slumbers,the_beatles,1114,01:32,0.0,,chordlab
997,octopuss_garden,the_beatles,1105,02:51,-1.0,,chordlab
998,you_never_give_me_your_money,the_beatles,1109,04:02,0.0,,chordlab
999,come_together,the_beatles,1101,04:21,0.0,,chordlab
1000,she_came_in_through_the_bathroom_window,the_beatles,1113,01:58,0.0,,chordlab
1001,polythene_pam,the_beatles,1112,01:13,0.0,,chordlab
1002,youre_my_best_friend,queen,106,02:52,0.0,,chordlab
1003,crazy_little_thing_called_love,queen,109,02:44,0.0,,chordlab
1004,good_old-fashioned_lover_boy,queen,112,02:56,1.0,,chordlab
1005,fat_bottomed_girls,queen,104,03:25,0.0,,chordlab
1006,bicycle_race,queen,105,03:04,0.0,,chordlab
1007,we_are_the_champions,queen,117,03:01,0.0,,chordlab
1008,we_will_rock_you,queen,116,02:03,0.0,,chordlab
1009,another_one_bites_the_dust,queen,102,03:37,0.0,,chordlab
1010,bohemian_rhapsody,queen,101,05:58,0.0,,chordlab
1011,seven_seas_of_rhye,queen,115,02:50,0.0,,chordlab
1012,play_the_game,queen,113,03:33,0.0,,chordlab
1013,save_me,queen,108,03:49,0.0,,chordlab
1014,somebody_to_love,queen,110,04:58,0.0,,chordlab
1015,dont_stop_me_now,queen,107,03:32,2.0,,chordlab
1016,who_wants_to_live_forever,queen,209,04:57,0.0,,chordlab
1017,hammer_to_fall,queen,214,03:41,0.0,,chordlab
1018,i_want_it_all,queen,204,04:02,0.0,,chordlab
1019,i_want_to_break_free,queen,205,04:19,0.0,,chordlab
1020,friends_will_be_friends,queen,215,04:09,1.0,,chordlab
1021,a_kind_of_magic,queen,201,04:23,0.0,,chordlab
1022,youve_got_a_friend,carol_king,7,05:10,0.0,,chordlab
1023,home_again,carol_king,4,02:29,0.0,,chordlab
1024,so_far_away,carol_king,2,03:56,0.0,,chordlab
1025,way_over_yonder,carol_king,6,04:44,0.0,,chordlab
1026,its_too_late,carol_king,3,03:54,0.0,,chordlab
1027,beautiful,carol_king,5,03:08,-1.0,,chordlab
1028,i_feel_the_earth_move,carol_king,1,02:59,0.0,,chordlab
